"","Topic1","Topic2","Topic3","Topic4","Topic5"
"1",0.199975454319231,0.200023055436587,0.199993166810017,0.199991444941625,0.20001687849254
