"document","topic","gamma"
"1",4,0.318333333333333
"1",5,0.185
"1",1,0.1725
"1",2,0.166666666666667
"1",3,0.1575
